object__truncated,object__difficult,object__bndbox__xmin,object__bndbox__ymin,object__bndbox__xmax,object__bndbox__ymax,Order,Image file
0,0,100,148,279,156,1,2f2_0.jpg
0,0,133,175,289,178,1,2f2_0.jpg
0,0,135,183,280,192,1,2f2_0.jpg
0,0,175,164,322,172,1,2f2_0.jpg
0,0,178,158,323,164,1,2f2_0.jpg
0,0,154,198,401,205,1,2f2_0.jpg
0,0,180,194,389,201,1,2f2_0.jpg
0,0,262,205,434,215,1,2f2_0.jpg
0,0,205,97,221,221,2,2f2_300.jpg
0,0,242,7,249,228,2,2f2_300.jpg
0,0,250,71,257,236,2,2f2_300.jpg
0,0,260,105,264,307,2,2f2_300.jpg
0,0,42,103,255,118,3,3f3_0.jpg
0,0,125,118,339,125,3,3f3_0.jpg
0,0,200,123,410,131,3,3f3_0.jpg
0,0,227,134,461,143,3,3f3_0.jpg
0,0,251,137,555,150,3,3f3_0.jpg
0,0,338,155,549,166,3,3f3_0.jpg
0,0,345,143,590,159,3,3f3_0.jpg
0,0,200,105,410,116,4,3f3_107.jpg
0,0,41,111,251,122,4,3f3_107.jpg
0,0,21,130,230,137,4,3f3_107.jpg
0,0,64,135,274,143,4,3f3_107.jpg
0,0,231,139,449,149,4,3f3_107.jpg
0,0,375,144,582,156,4,3f3_107.jpg
0,0,49,112,251,121,5,3f3_15.jpg
0,0,92,120,296,126,5,3f3_15.jpg
0,0,154,125,360,132,5,3f3_15.jpg
0,0,176,131,412,141,5,3f3_15.jpg
0,0,210,140,414,144,5,3f3_15.jpg
0,0,317,143,533,150,5,3f3_15.jpg
0,0,373,148,584,153,5,3f3_15.jpg
0,0,367,152,573,160,5,3f3_15.jpg
0,0,55,105,265,116,6,3f3_29.jpg
0,0,64,115,273,123,6,3f3_29.jpg
0,0,111,121,321,128,6,3f3_29.jpg
0,0,131,127,343,136,6,3f3_29.jpg
0,0,170,135,383,142,6,3f3_29.jpg
0,0,301,143,519,150,6,3f3_29.jpg
0,0,378,149,588,155,6,3f3_29.jpg
0,0,99,111,314,118,7,3f3_50.jpg
0,0,48,118,263,127,7,3f3_50.jpg
0,0,56,127,287,138,7,3f3_50.jpg
0,0,122,140,330,143,7,3f3_50.jpg
0,0,77,133,298,142,7,3f3_50.jpg
0,0,274,146,482,154,7,3f3_50.jpg
0,0,285,140,402,144,7,3f3_50.jpg
0,0,376,151,591,155,7,3f3_50.jpg
0,0,140,109,351,118,8,3f3_65.jpg
0,0,54,117,259,126,8,3f3_65.jpg
0,0,31,124,238,133,8,3f3_65.jpg
0,0,52,134,269,139,8,3f3_65.jpg
0,0,95,138,303,144,8,3f3_65.jpg
0,0,253,139,458,148,8,3f3_65.jpg
0,0,371,148,580,153,8,3f3_65.jpg
0,0,173,104,390,114,9,3f3_85.jpg
0,0,33,111,244,120,9,3f3_85.jpg
0,0,26,128,235,134,9,3f3_85.jpg
0,0,69,133,281,143,9,3f3_85.jpg
0,0,237,142,450,150,9,3f3_85.jpg
0,0,376,148,588,156,9,3f3_85.jpg
0,0,470,155,606,164,9,3f3_85.jpg
0,0,481,91,495,231,10,3f3_ukn.jpg
0,0,466,73,478,210,10,3f3_ukn.jpg
0,0,474,102,483,208,10,3f3_ukn.jpg
0,0,442,77,450,210,10,3f3_ukn.jpg
0,0,449,143,460,275,10,3f3_ukn.jpg
0,0,455,134,469,269,10,3f3_ukn.jpg
0,0,459,95,474,220,10,3f3_ukn.jpg
0,0,100,148,279,156,11,2f2_0.jpg
0,0,133,175,289,178,11,2f2_0.jpg
0,0,135,183,280,192,11,2f2_0.jpg
0,0,175,164,322,172,11,2f2_0.jpg
0,0,178,158,323,164,11,2f2_0.jpg
0,0,154,198,401,205,11,2f2_0.jpg
0,0,180,194,389,201,11,2f2_0.jpg
0,0,262,205,434,215,11,2f2_0.jpg
0,0,205,97,221,221,12,2f2_300.jpg
0,0,242,7,249,228,12,2f2_300.jpg
0,0,250,71,257,236,12,2f2_300.jpg
0,0,260,105,264,307,12,2f2_300.jpg
0,0,42,103,255,118,13,3f3_0.jpg
0,0,125,118,339,125,13,3f3_0.jpg
0,0,200,123,410,131,13,3f3_0.jpg
0,0,227,134,461,143,13,3f3_0.jpg
0,0,251,137,555,150,13,3f3_0.jpg
0,0,338,155,549,166,13,3f3_0.jpg
0,0,345,143,590,159,13,3f3_0.jpg
0,0,200,105,410,116,14,3f3_107.jpg
0,0,41,111,251,122,14,3f3_107.jpg
0,0,21,130,230,137,14,3f3_107.jpg
0,0,64,135,274,143,14,3f3_107.jpg
0,0,231,139,449,149,14,3f3_107.jpg
0,0,375,144,582,156,14,3f3_107.jpg
0,0,49,112,251,121,15,3f3_15.jpg
0,0,92,120,296,126,15,3f3_15.jpg
0,0,154,125,360,132,15,3f3_15.jpg
0,0,176,131,412,141,15,3f3_15.jpg
0,0,210,140,414,144,15,3f3_15.jpg
0,0,317,143,533,150,15,3f3_15.jpg
0,0,373,148,584,153,15,3f3_15.jpg
0,0,367,152,573,160,15,3f3_15.jpg
0,0,55,105,265,116,16,3f3_29.jpg
0,0,64,115,273,123,16,3f3_29.jpg
0,0,111,121,321,128,16,3f3_29.jpg
0,0,131,127,343,136,16,3f3_29.jpg
0,0,170,135,383,142,16,3f3_29.jpg
0,0,301,143,519,150,16,3f3_29.jpg
0,0,378,149,588,155,16,3f3_29.jpg
0,0,99,111,314,118,17,3f3_50.jpg
0,0,48,118,263,127,17,3f3_50.jpg
0,0,56,127,287,138,17,3f3_50.jpg
0,0,122,140,330,143,17,3f3_50.jpg
0,0,77,133,298,142,17,3f3_50.jpg
0,0,274,146,482,154,17,3f3_50.jpg
0,0,285,140,402,144,17,3f3_50.jpg
0,0,376,151,591,155,17,3f3_50.jpg
0,0,140,109,351,118,18,3f3_65.jpg
0,0,54,117,259,126,18,3f3_65.jpg
0,0,31,124,238,133,18,3f3_65.jpg
0,0,52,134,269,139,18,3f3_65.jpg
0,0,95,138,303,144,18,3f3_65.jpg
0,0,253,139,458,148,18,3f3_65.jpg
0,0,371,148,580,153,18,3f3_65.jpg
0,0,173,104,390,114,19,3f3_85.jpg
0,0,33,111,244,120,19,3f3_85.jpg
0,0,26,128,235,134,19,3f3_85.jpg
0,0,69,133,281,143,19,3f3_85.jpg
0,0,237,142,450,150,19,3f3_85.jpg
0,0,376,148,588,156,19,3f3_85.jpg
0,0,470,155,606,164,19,3f3_85.jpg
0,0,481,91,495,231,20,3f3_ukn.jpg
0,0,466,73,478,210,20,3f3_ukn.jpg
0,0,474,102,483,208,20,3f3_ukn.jpg
0,0,442,77,450,210,20,3f3_ukn.jpg
0,0,449,143,460,275,20,3f3_ukn.jpg
0,0,455,134,469,269,20,3f3_ukn.jpg
0,0,459,95,474,220,20,3f3_ukn.jpg
0,0,458,32,470,216,21,f3f_444.jpg
0,0,465,6,477,193,21,f3f_444.jpg
0,0,476,13,490,196,21,f3f_444.jpg
0,0,505,70,515,253,21,f3f_444.jpg
0,0,515,180,528,359,21,f3f_444.jpg
0,0,527,255,539,358,21,f3f_444.jpg
0,0,382,25,390,94,22,frame_1144.jpg
0,0,309,59,317,88,22,frame_1144.jpg
0,0,314,55,322,141,22,frame_1144.jpg
0,0,380,66,388,161,22,frame_1144.jpg
0,0,377,125,387,222,22,frame_1144.jpg
0,0,319,73,326,172,22,frame_1144.jpg
0,0,323,126,330,224,22,frame_1144.jpg
0,0,329,193,336,289,22,frame_1144.jpg
0,0,374,179,385,274,22,frame_1144.jpg
0,0,334,234,340,331,22,frame_1144.jpg
0,0,343,241,350,356,22,frame_1144.jpg
0,0,350,254,357,353,22,frame_1144.jpg
0,0,359,276,366,376,22,frame_1144.jpg
0,0,367,285,374,395,22,frame_1144.jpg
0,0,370,260,379,359,22,frame_1144.jpg
0,0,282,76,289,168,23,frame1244.gif
0,0,286,127,293,223,23,frame1244.gif
0,0,348,32,356,129,23,frame1244.gif
0,0,343,82,352,176,23,frame1244.gif
0,0,339,133,346,230,23,frame1244.gif
0,0,331,183,338,282,23,frame1244.gif
0,0,327,222,336,320,23,frame1244.gif
0,0,289,196,297,290,23,frame1244.gif
0,0,295,252,301,352,23,frame1244.gif
0,0,298,270,305,369,23,frame1244.gif
0,0,303,302,311,400,23,frame1244.gif
0,0,309,345,318,442,23,frame1244.gif
0,0,321,314,332,407,23,frame1244.gif
0,0,317,365,328,463,23,frame1244.gif
0,0,278,79,285,172,24,frame1255.gif
0,0,344,34,352,90,24,frame1255.gif
0,0,340,46,348,139,24,frame1255.gif
0,0,336,98,345,194,24,frame1255.gif
0,0,330,127,341,225,24,frame1255.gif
0,0,326,154,338,255,24,frame1255.gif
0,0,280,128,289,228,24,frame1255.gif
0,0,286,198,293,295,24,frame1255.gif
0,0,323,198,332,299,24,frame1255.gif
0,0,290,256,301,353,24,frame1255.gif
0,0,319,252,329,351,24,frame1255.gif
0,0,301,301,308,398,24,frame1255.gif
0,0,305,337,315,434,24,frame1255.gif
0,0,314,352,327,448,24,frame1255.gif
0,0,276,79,285,171,25,frame1256.gif
0,0,343,33,353,86,25,frame1256.gif
0,0,338,44,347,136,25,frame1256.gif
0,0,336,96,343,194,25,frame1256.gif
0,0,331,125,340,220,25,frame1256.gif
0,0,327,150,336,250,25,frame1256.gif
0,0,281,128,288,226,25,frame1256.gif
0,0,286,197,293,296,25,frame1256.gif
0,0,323,196,332,294,25,frame1256.gif
0,0,320,250,330,345,25,frame1256.gif
0,0,291,255,299,353,25,frame1256.gif
0,0,298,299,305,371,25,frame1256.gif
0,0,306,338,313,434,25,frame1256.gif
0,0,316,297,328,394,25,frame1256.gif
0,0,311,347,324,446,25,frame1256.gif
0,0,265,85,271,152,26,frame1282.gif
0,0,269,131,277,226,26,frame1282.gif
0,0,273,184,281,282,26,frame1282.gif
0,0,332,37,341,105,26,frame1282.gif
0,0,328,69,335,166,26,frame1282.gif
0,0,324,99,331,194,26,frame1282.gif
0,0,319,133,328,233,26,frame1282.gif
0,0,315,191,323,290,26,frame1282.gif
0,0,311,252,322,347,26,frame1282.gif
0,0,278,253,286,351,26,frame1282.gif
0,0,284,309,292,403,26,frame1282.gif
0,0,308,305,319,401,26,frame1282.gif
0,0,292,338,304,434,26,frame1282.gif
0,0,302,362,316,460,26,frame1282.gif
0,0,260,92,267,128,27,frame1296.gif
0,0,263,103,271,198,27,frame1296.gif
0,0,329,36,338,104,27,frame1296.gif
0,0,323,68,331,164,27,frame1296.gif
0,0,320,99,330,199,27,frame1296.gif
0,0,316,136,324,239,27,frame1296.gif
0,0,311,201,319,298,27,frame1296.gif
0,0,265,175,272,274,27,frame1296.gif
0,0,268,229,276,327,27,frame1296.gif
0,0,306,264,318,359,27,frame1296.gif
0,0,304,320,316,415,27,frame1296.gif
0,0,274,298,283,393,27,frame1296.gif
0,0,280,348,285,446,27,frame1296.gif
0,0,285,358,291,452,27,frame1296.gif
0,0,290,370,297,469,27,frame1296.gif
0,0,296,385,310,478,27,frame1296.gif
0,0,253,95,262,189,28,frame1324.gif
0,0,322,36,335,75,28,frame1324.gif
0,0,318,75,327,170,28,frame1324.gif
0,0,313,118,321,217,28,frame1324.gif
0,0,308,188,315,287,28,frame1324.gif
0,0,257,167,264,263,28,frame1324.gif
0,0,257,238,266,338,28,frame1324.gif
0,0,302,252,311,349,28,frame1324.gif
0,0,264,286,272,387,28,frame1324.gif
0,0,268,354,279,446,28,frame1324.gif
0,0,300,317,309,411,28,frame1324.gif
0,0,297,383,306,475,28,frame1324.gif
0,0,292,392,300,496,28,frame1324.gif
0,0,282,399,291,494,28,frame1324.gif
0,0,272,392,285,492,28,frame1324.gif
0,0,251,97,259,147,29,frame1336.gif
0,0,323,38,331,125,29,frame1336.gif
0,0,319,66,324,161,29,frame1336.gif
0,0,312,112,320,211,29,frame1336.gif
0,0,252,127,261,221,29,frame1336.gif
0,0,308,182,316,282,29,frame1336.gif
0,0,303,250,312,346,29,frame1336.gif
0,0,255,197,262,293,29,frame1336.gif
0,0,257,271,267,368,29,frame1336.gif
0,0,299,315,309,411,29,frame1336.gif
0,0,261,315,272,412,29,frame1336.gif
0,0,294,380,303,479,29,frame1336.gif
0,0,287,410,296,501,29,frame1336.gif
0,0,279,413,289,512,29,frame1336.gif
0,0,266,377,280,472,29,frame1336.gif
0,0,293,10,316,213,30,frame_1354.jpg
0,0,291,161,318,401,30,frame_1354.jpg
0,0,297,340,319,555,30,frame_1354.jpg
0,0,247,58,262,101,31,frame1379.gif
0,0,257,44,273,199,31,frame1379.gif
0,0,264,124,278,368,31,frame1379.gif
0,0,265,271,281,510,31,frame1379.gif
0,0,267,430,290,594,31,frame1379.gif
0,0,231,55,248,122,32,frame_1384.jpg
0,0,244,37,256,216,32,frame_1384.jpg
0,0,255,137,270,383,32,frame_1384.jpg
0,0,265,278,280,522,32,frame_1384.jpg
0,0,147,166,169,452,32,frame_1384.jpg
0,0,278,437,293,594,32,frame_1384.jpg
0,0,251,21,262,123,33,frame_1406.jpg
0,0,260,9,271,184,33,frame_1406.jpg
0,0,265,85,279,324,33,frame_1406.jpg
0,0,276,205,293,448,33,frame_1406.jpg
0,0,287,349,300,592,33,frame_1406.jpg
0,0,298,427,312,587,33,frame_1406.jpg
0,0,311,448,323,567,33,frame_1406.jpg
0,0,358,416,368,512,33,frame_1406.jpg
0,0,363,291,385,484,33,frame_1406.jpg
0,0,375,149,390,353,33,frame_1406.jpg
0,0,240,54,248,141,34,frame1421.gif
0,0,248,47,260,197,34,frame1421.gif
0,0,255,76,274,319,34,frame1421.gif
0,0,261,187,277,431,34,frame1421.gif
0,0,270,319,283,558,34,frame1421.gif
0,0,282,385,294,591,34,frame1421.gif
0,0,294,397,306,592,34,frame1421.gif
0,0,316,457,324,563,34,frame1421.gif
0,0,307,491,314,573,34,frame1421.gif
0,0,325,455,336,545,34,frame1421.gif
0,0,334,425,347,528,34,frame1421.gif
0,0,343,293,357,516,34,frame1421.gif
0,0,358,150,369,369,34,frame1421.gif
0,0,364,64,379,219,34,frame1421.gif
0,0,201,297,219,535,35,frame_1428.jpg
0,0,206,144,228,368,35,frame_1428.jpg
0,0,211,72,228,240,35,frame_1428.jpg
0,0,228,51,238,197,35,frame_1428.jpg
0,0,237,35,248,192,35,frame_1428.jpg
0,0,246,16,257,150,35,frame_1428.jpg
0,0,256,4,272,238,35,frame_1428.jpg
0,0,272,63,294,306,35,frame_1428.jpg
0,0,290,191,312,427,35,frame_1428.jpg
0,0,302,297,319,526,35,frame_1428.jpg
0,0,316,403,326,565,35,frame_1428.jpg
0,0,333,449,345,541,35,frame_1428.jpg
0,0,268,77,286,324,36,frame_1467.jpg
0,0,260,156,278,390,36,frame_1467.jpg
0,0,255,199,276,440,36,frame_1467.jpg
0,0,287,124,304,371,36,frame_1467.jpg
0,0,302,149,319,400,36,frame_1467.jpg
0,0,316,223,331,475,36,frame_1467.jpg
0,0,328,286,339,531,36,frame_1467.jpg
0,0,342,355,352,538,36,frame_1467.jpg
0,0,352,366,363,517,36,frame_1467.jpg
0,0,363,396,374,501,36,frame_1467.jpg
0,0,242,295,260,556,36,frame_1467.jpg
0,0,261,70,278,316,37,frame_1559.jpg
0,0,248,107,265,361,37,frame_1559.jpg
0,0,275,78,294,365,37,frame_1559.jpg
0,0,285,132,297,373,37,frame_1559.jpg
0,0,239,177,255,414,37,frame_1559.jpg
0,0,226,232,241,476,37,frame_1559.jpg
0,0,291,287,306,532,37,frame_1559.jpg
0,0,302,408,317,572,37,frame_1559.jpg
0,0,214,296,229,535,37,frame_1559.jpg
0,0,181,376,189,524,37,frame_1559.jpg
0,0,192,331,200,524,37,frame_1559.jpg
0,0,201,330,213,538,37,frame_1559.jpg
0,0,236,20,257,184,38,frame1586.gif
0,0,242,112,265,263,38,frame1586.gif
0,0,354,68,370,171,38,frame1586.gif
0,0,332,55,346,227,38,frame1586.gif
0,0,318,93,334,323,38,frame1586.gif
0,0,251,133,264,371,38,frame1586.gif
0,0,305,172,317,410,38,frame1586.gif
0,0,294,260,305,500,38,frame1586.gif
0,0,283,314,294,560,38,frame1586.gif
0,0,259,270,273,514,38,frame1586.gif
0,0,270,311,285,557,38,frame1586.gif
0,0,249,33,266,282,39,frame_1589.jpg
0,0,263,37,274,282,39,frame_1589.jpg
0,0,273,78,294,323,39,frame_1589.jpg
0,0,242,100,263,343,39,frame_1589.jpg
0,0,235,191,257,431,39,frame_1589.jpg
0,0,292,221,307,463,39,frame_1589.jpg
0,0,307,323,317,566,39,frame_1589.jpg
0,0,319,392,334,576,39,frame_1589.jpg
0,0,227,279,244,525,39,frame_1589.jpg
0,0,216,384,228,542,39,frame_1589.jpg
0,0,198,438,213,529,39,frame_1589.jpg
0,0,256,33,275,278,40,frame_1611.jpg
0,0,271,36,287,278,40,frame_1611.jpg
0,0,280,64,299,306,40,frame_1611.jpg
0,0,248,106,270,334,40,frame_1611.jpg
0,0,238,223,257,464,40,frame_1611.jpg
0,0,294,190,309,439,40,frame_1611.jpg
0,0,304,272,317,521,40,frame_1611.jpg
0,0,315,339,328,562,40,frame_1611.jpg
0,0,227,327,246,567,40,frame_1611.jpg
0,0,216,457,227,544,40,frame_1611.jpg
0,0,214,34,225,132,41,frame1627.gif
0,0,309,46,323,237,41,frame1627.gif
0,0,225,54,237,297,41,frame1627.gif
0,0,234,112,246,355,41,frame1627.gif
0,0,297,116,313,355,41,frame1627.gif
0,0,246,176,256,423,41,frame1627.gif
0,0,285,241,305,482,41,frame1627.gif
0,0,255,295,272,542,41,frame1627.gif
0,0,277,319,293,565,41,frame1627.gif
0,0,268,315,280,563,41,frame1627.gif
0,0,321,50,336,104,41,frame1627.gif
0,0,260,31,274,279,42,frame_1645.jpg
0,0,271,35,285,279,42,frame_1645.jpg
0,0,283,48,295,289,42,frame_1645.jpg
0,0,247,118,269,359,42,frame_1645.jpg
0,0,296,152,306,396,42,frame_1645.jpg
0,0,237,255,255,500,42,frame_1645.jpg
0,0,228,387,245,554,42,frame_1645.jpg
0,0,304,204,314,444,42,frame_1645.jpg
0,0,314,252,328,492,42,frame_1645.jpg
0,0,320,412,338,576,42,frame_1645.jpg
0,0,312,47,324,191,43,frame1662.gif
0,0,300,85,315,328,43,frame1662.gif
0,0,216,26,231,234,43,frame1662.gif
0,0,289,232,304,473,43,frame1662.gif
0,0,226,145,237,385,43,frame1662.gif
0,0,236,181,244,427,43,frame1662.gif
0,0,248,215,261,463,43,frame1662.gif
0,0,257,311,271,556,43,frame1662.gif
0,0,268,313,282,561,43,frame1662.gif
0,0,279,313,293,561,43,frame1662.gif
0,0,311,46,325,189,44,frame1663.gif
0,0,301,84,313,325,44,frame1663.gif
0,0,288,229,302,471,44,frame1663.gif
0,0,278,311,291,556,44,frame1663.gif
0,0,270,312,280,557,44,frame1663.gif
0,0,258,308,269,553,44,frame1663.gif
0,0,246,215,257,461,44,frame1663.gif
0,0,237,186,249,427,44,frame1663.gif
0,0,226,145,240,391,44,frame1663.gif
0,0,215,28,232,238,44,frame1663.gif
0,0,125,77,359,90,45,frame183.jpg
0,0,131,90,364,102,45,frame183.jpg
0,0,135,102,368,113,45,frame183.jpg
0,0,139,112,371,127,45,frame183.jpg
0,0,112,140,338,153,45,frame183.jpg
0,0,135,127,361,140,45,frame183.jpg
0,0,138,153,367,163,45,frame183.jpg
0,0,202,162,428,175,45,frame183.jpg
0,0,237,248,449,260,45,frame183.jpg
0,0,237,261,449,273,45,frame183.jpg
0,0,236,285,448,295,45,frame183.jpg
0,0,237,297,449,309,45,frame183.jpg
0,0,254,318,449,327,45,frame183.jpg
0,0,109,68,343,78,45,frame183.jpg
0,0,108,52,341,63,45,frame183.jpg
0,0,101,31,329,46,45,frame183.jpg
0,0,170,413,181,517,46,frame1831.gif
0,0,180,361,193,523,46,frame1831.gif
0,0,193,361,206,536,46,frame1831.gif
0,0,204,369,221,542,46,frame1831.gif
0,0,217,331,229,550,46,frame1831.gif
0,0,228,328,244,556,46,frame1831.gif
0,0,241,298,253,541,46,frame1831.gif
0,0,253,299,267,544,46,frame1831.gif
0,0,264,271,278,515,46,frame1831.gif
0,0,277,180,289,424,46,frame1831.gif
0,0,287,118,299,361,46,frame1831.gif
0,0,301,79,310,324,46,frame1831.gif
0,0,311,80,324,322,46,frame1831.gif
0,0,325,44,333,289,46,frame1831.gif
0,0,336,50,347,188,46,frame1831.gif
0,0,348,58,361,99,46,frame1831.gif
0,0,440,122,455,241,46,frame1831.gif
0,0,450,129,462,329,46,frame1831.gif
0,0,458,242,469,357,46,frame1831.gif
0,0,468,271,481,334,46,frame1831.gif
0,0,430,113,443,165,47,frame1842.gif
0,0,442,123,451,312,47,frame1842.gif
0,0,448,172,462,370,47,frame1842.gif
0,0,349,59,360,113,47,frame1842.gif
0,0,336,51,346,193,47,frame1842.gif
0,0,325,45,334,290,47,frame1842.gif
0,0,313,69,327,318,47,frame1842.gif
0,0,300,71,315,317,47,frame1842.gif
0,0,290,110,302,352,47,frame1842.gif
0,0,277,179,292,427,47,frame1842.gif
0,0,263,271,281,517,47,frame1842.gif
0,0,254,301,269,545,47,frame1842.gif
0,0,243,310,257,553,47,frame1842.gif
0,0,229,359,245,551,47,frame1842.gif
0,0,217,373,231,546,47,frame1842.gif
0,0,209,427,221,539,47,frame1842.gif
0,0,195,434,210,530,47,frame1842.gif
0,0,183,451,197,524,47,frame1842.gif
0,0,327,42,340,146,48,frame1887.gif
0,0,313,27,327,251,48,frame1887.gif
0,0,303,49,317,295,48,frame1887.gif
0,0,291,72,304,315,48,frame1887.gif
0,0,280,173,294,423,48,frame1887.gif
0,0,268,260,278,502,48,frame1887.gif
0,0,260,300,268,542,48,frame1887.gif
0,0,249,298,261,542,48,frame1887.gif
0,0,236,308,250,553,48,frame1887.gif
0,0,225,349,235,555,48,frame1887.gif
0,0,213,387,223,546,48,frame1887.gif
0,0,201,406,212,538,48,frame1887.gif
0,0,189,423,198,525,48,frame1887.gif
0,0,179,422,186,518,48,frame1887.gif
0,0,159,386,171,507,48,frame1887.gif
0,0,149,350,159,498,48,frame1887.gif
0,0,138,241,148,490,48,frame1887.gif
0,0,130,200,143,377,48,frame1887.gif
0,0,138,242,149,486,48,frame1887.gif
0,0,232,464,250,566,49,frame2004.gif
0,0,246,317,261,559,49,frame2004.gif
0,0,261,221,272,455,49,frame2004.gif
0,0,272,213,283,455,49,frame2004.gif
0,0,283,139,295,378,49,frame2004.gif
0,0,299,56,305,298,49,frame2004.gif
0,0,312,40,323,282,49,frame2004.gif
0,0,321,40,333,320,49,frame2004.gif
0,0,330,80,342,412,49,frame2004.gif
0,0,340,174,351,412,49,frame2004.gif
0,0,344,254,357,498,49,frame2004.gif
0,0,357,366,371,498,49,frame2004.gif
0,0,369,424,382,486,49,frame2004.gif
0,0,213,492,227,549,50,frame2142.gif
0,0,227,341,242,565,50,frame2142.gif
0,0,237,276,253,519,50,frame2142.gif
0,0,251,210,268,442,50,frame2142.gif
0,0,266,158,280,398,50,frame2142.gif
0,0,277,154,291,398,50,frame2142.gif
0,0,291,154,307,424,50,frame2142.gif
0,0,299,176,311,430,50,frame2142.gif
0,0,320,193,334,442,50,frame2142.gif
0,0,331,261,342,508,50,frame2142.gif
0,0,338,392,353,528,50,frame2142.gif
0,0,218,445,232,553,51,frame2184.gif
0,0,228,341,247,566,51,frame2184.gif
0,0,241,305,259,555,51,frame2184.gif
0,0,251,260,267,503,51,frame2184.gif
0,0,264,244,279,489,51,frame2184.gif
0,0,278,241,291,489,51,frame2184.gif
0,0,285,258,303,506,51,frame2184.gif
0,0,300,309,313,557,51,frame2184.gif
0,0,310,328,325,557,51,frame2184.gif
0,0,320,341,336,542,51,frame2184.gif
0,0,333,403,350,527,51,frame2184.gif
0,0,206,509,218,545,52,frame2197.gif
0,0,217,426,233,560,52,frame2197.gif
0,0,227,339,243,566,52,frame2197.gif
0,0,241,313,255,564,52,frame2197.gif
0,0,252,282,268,527,52,frame2197.gif
0,0,266,275,277,521,52,frame2197.gif
0,0,276,274,288,519,52,frame2197.gif
0,0,289,294,301,543,52,frame2197.gif
0,0,299,354,312,566,52,frame2197.gif
0,0,310,374,324,556,52,frame2197.gif
0,0,320,385,335,539,52,frame2197.gif
0,0,332,454,346,527,52,frame2197.gif
0,0,207,496,221,546,53,frame2204.gif
0,0,217,419,233,553,53,frame2204.gif
0,0,229,342,242,561,53,frame2204.gif
0,0,242,319,259,569,53,frame2204.gif
0,0,253,297,269,540,53,frame2204.gif
0,0,267,293,284,542,53,frame2204.gif
0,0,277,294,294,543,53,frame2204.gif
0,0,288,313,303,567,53,frame2204.gif
0,0,298,377,312,573,53,frame2204.gif
0,0,310,397,325,555,53,frame2204.gif
0,0,321,410,338,544,53,frame2204.gif
0,0,337,478,350,528,53,frame2204.gif
0,0,74,27,296,36,54,frame222.jpg
0,0,87,36,314,50,54,frame222.jpg
0,0,154,51,393,61,54,frame222.jpg
0,0,195,62,425,73,54,frame222.jpg
0,0,200,108,429,121,54,frame222.jpg
0,0,193,119,424,131,54,frame222.jpg
0,0,191,132,422,142,54,frame222.jpg
0,0,191,140,423,154,54,frame222.jpg
0,0,194,156,424,169,54,frame222.jpg
0,0,191,169,427,180,54,frame222.jpg
0,0,188,180,423,187,54,frame222.jpg
0,0,213,190,444,200,54,frame222.jpg
0,0,209,198,448,211,54,frame222.jpg
0,0,195,249,424,258,54,frame222.jpg
0,0,223,261,449,273,54,frame222.jpg
0,0,327,297,449,310,54,frame222.jpg
0,0,282,24,296,118,55,frame2266.gif
0,0,294,11,306,153,55,frame2266.gif
0,0,303,5,319,152,55,frame2266.gif
0,0,316,11,330,177,55,frame2266.gif
0,0,328,21,340,238,55,frame2266.gif
0,0,338,28,351,265,55,frame2266.gif
0,0,351,39,363,278,55,frame2266.gif
0,0,362,48,374,289,55,frame2266.gif
0,0,375,59,386,295,55,frame2266.gif
0,0,386,68,398,299,55,frame2266.gif
0,0,188,258,203,501,56,frame2284.gif
0,0,199,269,218,508,56,frame2284.gif
0,0,211,302,224,534,56,frame2284.gif
0,0,221,337,235,558,56,frame2284.gif
0,0,231,376,246,567,56,frame2284.gif
0,0,243,412,260,582,56,frame2284.gif
0,0,256,486,270,590,56,frame2284.gif
0,0,281,521,293,589,56,frame2284.gif
0,0,319,8,334,63,57,frame_2300.jpg
0,0,331,21,350,148,57,frame_2300.jpg
0,0,347,32,362,188,57,frame_2300.jpg
0,0,357,40,376,255,57,frame_2300.jpg
0,0,366,123,386,308,57,frame_2300.jpg
0,0,379,120,406,383,57,frame_2300.jpg
0,0,348,13,367,133,58,frame2306.gif
0,0,359,27,377,178,58,frame2306.gif
0,0,368,41,386,254,58,frame2306.gif
0,0,376,112,399,319,58,frame2306.gif
0,0,384,153,406,398,58,frame2306.gif
0,0,190,165,204,421,59,frame2328.gif
0,0,200,187,216,465,59,frame2328.gif
0,0,190,173,214,441,60,frame2349.gif
0,0,201,310,223,557,60,frame2349.gif
0,0,110,118,281,128,61,frame403.jpg
0,0,103,126,272,138,61,frame403.jpg
0,0,99,137,271,147,61,frame403.jpg
0,0,99,147,271,154,61,frame403.jpg
0,0,101,155,272,165,61,frame403.jpg
0,0,99,164,274,176,61,frame403.jpg
0,0,100,173,272,183,61,frame403.jpg
0,0,134,183,307,193,61,frame403.jpg
0,0,153,189,325,199,61,frame403.jpg
0,0,155,199,325,206,61,frame403.jpg
0,0,155,208,321,216,61,frame403.jpg
0,0,158,218,329,227,61,frame403.jpg
0,0,168,225,338,236,61,frame403.jpg
0,0,205,236,375,244,61,frame403.jpg
0,0,243,244,416,254,61,frame403.jpg
0,0,255,255,422,265,61,frame403.jpg
0,0,264,266,434,274,61,frame403.jpg
0,0,257,272,441,280,61,frame403.jpg
0,0,259,281,444,287,61,frame403.jpg
0,0,146,111,318,121,61,frame403.jpg
0,0,147,101,314,108,61,frame403.jpg
0,0,128,91,303,100,61,frame403.jpg
0,0,92,82,263,92,61,frame403.jpg
0,0,73,72,243,82,61,frame403.jpg
0,0,50,63,291,73,61,frame403.jpg
0,0,67,52,355,65,61,frame403.jpg
0,0,115,43,295,54,61,frame403.jpg
0,0,123,35,293,46,61,frame403.jpg
0,0,118,25,292,38,61,frame403.jpg
0,0,112,16,281,28,61,frame403.jpg
0,0,104,8,282,20,61,frame403.jpg
0,0,41,11,235,20,62,frame472.jpg
0,0,49,18,244,30,62,frame472.jpg
0,0,57,29,248,41,62,frame472.jpg
0,0,48,40,239,51,62,frame472.jpg
0,0,12,92,201,103,62,frame472.jpg
0,0,31,102,223,113,62,frame472.jpg
0,0,31,113,223,122,62,frame472.jpg
0,0,16,195,208,203,62,frame472.jpg
0,0,39,204,233,214,62,frame472.jpg
0,0,41,216,233,230,62,frame472.jpg
0,0,53,232,242,241,62,frame472.jpg
0,0,75,242,266,252,62,frame472.jpg
0,0,121,254,311,260,62,frame472.jpg
0,0,147,264,338,271,62,frame472.jpg
0,0,159,273,347,280,62,frame472.jpg
0,0,159,282,360,290,62,frame472.jpg
0,0,162,293,366,304,62,frame472.jpg
0,0,160,305,356,313,62,frame472.jpg
0,0,160,315,348,325,62,frame472.jpg
0,0,157,328,350,334,62,frame472.jpg
0,0,13,154,31,359,63,frame619.jpg
0,0,291,2,320,298,63,frame619.jpg
0,0,416,46,435,338,63,frame619.jpg
0,0,402,49,415,328,63,frame619.jpg
0,0,392,37,408,328,63,frame619.jpg
0,0,105,6,120,281,64,frame701.jpg
0,0,122,85,133,275,64,frame701.jpg
0,0,58,3,72,300,64,frame701.jpg
0,0,72,25,89,309,64,frame701.jpg
0,0,92,21,106,290,64,frame701.jpg
0,0,250,323,259,359,64,frame701.jpg
0,0,340,295,357,359,64,frame701.jpg
0,0,138,2,159,73,65,frame734.jpg
0,0,198,18,207,277,65,frame734.jpg
0,0,297,158,308,256,66,imageedit_3_4983861066.jpg
0,0,296,237,311,332,66,imageedit_3_4983861066.jpg
0,0,298,313,316,425,66,imageedit_3_4983861066.jpg
0,0,383,327,396,408,66,imageedit_3_4983861066.jpg
0,0,379,258,391,354,66,imageedit_3_4983861066.jpg
0,0,373,191,385,286,66,imageedit_3_4983861066.jpg
0,0,369,122,378,218,66,imageedit_3_4983861066.jpg
0,0,363,77,372,159,66,imageedit_3_4983861066.jpg
0,0,282,53,298,142,67,imageedit_5_2883306056.gif
0,0,345,32,353,70,67,imageedit_5_2883306056.gif
0,0,352,46,360,142,67,imageedit_5_2883306056.gif
0,0,356,104,365,201,67,imageedit_5_2883306056.gif
0,0,361,133,368,232,67,imageedit_5_2883306056.gif
0,0,366,192,373,284,67,imageedit_5_2883306056.gif
0,0,368,225,377,321,67,imageedit_5_2883306056.gif
0,0,373,261,382,357,67,imageedit_5_2883306056.gif
0,0,381,324,387,397,67,imageedit_5_2883306056.gif
0,0,387,356,392,397,67,imageedit_5_2883306056.gif
0,0,344,34,353,119,68,frame_985.jpg
0,0,349,86,358,186,68,frame_985.jpg
0,0,355,159,362,257,68,frame_985.jpg
0,0,360,218,366,318,68,frame_985.jpg
0,0,364,240,372,339,68,frame_985.jpg
0,0,370,283,377,380,68,frame_985.jpg
0,0,378,299,384,396,68,frame_985.jpg
0,0,392,306,397,398,68,frame_985.jpg
0,0,385,327,391,395,68,frame_985.jpg
0,0,398,315,402,390,68,frame_985.jpg
0,0,402,338,410,390,68,frame_985.jpg
0,0,117,191,317,204,69,img1.jpg
0,0,124,233,318,248,69,img1.jpg
0,0,120,162,314,171,69,img1.jpg
0,0,100,262,300,279,69,img1.jpg
0,0,125,141,318,154,69,img1.jpg
0,0,129,129,322,141,69,img1.jpg
0,0,78,75,268,86,69,img1.jpg
0,0,109,87,304,101,69,img1.jpg
0,0,52,65,244,75,69,img1.jpg
0,0,127,108,323,123,69,img1.jpg
0,0,122,212,317,223,69,img1.jpg
0,0,136,285,332,300,69,img1.jpg
0,0,159,307,350,321,69,img1.jpg
0,0,121,254,320,265,69,img1.jpg
0,0,120,182,318,191,69,img1.jpg
0,0,52,53,248,63,69,img1.jpg
0,0,55,39,249,47,69,img1.jpg
0,0,55,29,250,37,69,img1.jpg
0,0,56,19,244,25,69,img1.jpg
0,0,51,7,239,15,69,img1.jpg
0,0,152,323,351,331,69,img1.jpg
0,0,153,333,354,344,69,img1.jpg
1,0,276,217,480,227,1,2f2_0.jpg
1,0,264,160,272,360,2,2f2_300.jpg
1,0,271,254,276,360,2,2f2_300.jpg
1,0,277,298,288,360,2,2f2_300.jpg
1,0,231,1,243,151,2,2f2_300.jpg
1,0,214,1,229,93,2,2f2_300.jpg
1,0,1,124,204,129,4,3f3_107.jpg
1,0,479,152,608,165,4,3f3_107.jpg
1,0,395,156,608,166,6,3f3_29.jpg
1,0,429,154,608,164,7,3f3_50.jpg
1,0,445,153,608,162,8,3f3_65.jpg
1,0,1,119,210,129,9,3f3_85.jpg
1,0,433,1,444,104,10,3f3_ukn.jpg
1,0,276,217,480,227,11,2f2_0.jpg
1,0,264,160,272,360,12,2f2_300.jpg
1,0,271,254,276,360,12,2f2_300.jpg
1,0,277,298,288,360,12,2f2_300.jpg
1,0,231,1,243,151,12,2f2_300.jpg
1,0,214,1,229,93,12,2f2_300.jpg
1,0,1,124,204,129,14,3f3_107.jpg
1,0,479,152,608,165,14,3f3_107.jpg
1,0,395,156,608,166,16,3f3_29.jpg
1,0,429,154,608,164,17,3f3_50.jpg
1,0,445,153,608,162,18,3f3_65.jpg
1,0,1,119,210,129,19,3f3_85.jpg
1,0,433,1,444,104,20,3f3_ukn.jpg
1,0,496,1,507,129,21,f3f_444.jpg
1,0,243,175,450,189,45,frame183.jpg
1,0,268,189,450,201,45,frame183.jpg
1,0,270,203,450,213,45,frame183.jpg
1,0,271,212,450,225,45,frame183.jpg
1,0,242,223,450,235,45,frame183.jpg
1,0,240,236,450,248,45,frame183.jpg
1,0,242,272,450,282,45,frame183.jpg
1,0,251,308,450,317,45,frame183.jpg
1,0,257,332,450,343,45,frame183.jpg
1,0,257,345,450,356,45,frame183.jpg
1,0,226,73,450,86,54,frame222.jpg
1,0,234,86,450,100,54,frame222.jpg
1,0,234,97,450,108,54,frame222.jpg
1,0,217,216,450,226,54,frame222.jpg
1,0,217,225,450,236,54,frame222.jpg
1,0,216,235,450,248,54,frame222.jpg
1,0,293,275,450,286,54,frame222.jpg
1,0,313,285,450,294,54,frame222.jpg
1,0,339,313,450,324,54,frame222.jpg
1,0,338,326,450,336,54,frame222.jpg
1,0,269,517,281,599,56,frame2284.gif
1,0,43,1,235,8,62,frame472.jpg
1,0,1,49,173,65,62,frame472.jpg
1,0,1,65,141,71,62,frame472.jpg
1,0,1,72,151,79,62,frame472.jpg
1,0,1,81,156,91,62,frame472.jpg
1,0,1,123,185,133,62,frame472.jpg
1,0,1,134,175,143,62,frame472.jpg
1,0,1,144,177,153,62,frame472.jpg
1,0,1,154,172,163,62,frame472.jpg
1,0,1,164,164,173,62,frame472.jpg
1,0,1,175,161,184,62,frame472.jpg
1,0,1,185,163,194,62,frame472.jpg
1,0,32,203,46,360,63,frame619.jpg
1,0,46,228,60,360,63,frame619.jpg
1,0,59,183,74,360,63,frame619.jpg
1,0,73,140,93,360,63,frame619.jpg
1,0,93,141,109,360,63,frame619.jpg
1,0,108,161,122,360,63,frame619.jpg
1,0,125,169,137,360,63,frame619.jpg
1,0,139,160,156,360,63,frame619.jpg
1,0,156,210,170,360,63,frame619.jpg
1,0,172,288,189,360,63,frame619.jpg
1,0,192,326,200,360,63,frame619.jpg
1,0,202,303,212,360,63,frame619.jpg
1,0,214,223,226,360,63,frame619.jpg
1,0,223,161,243,360,63,frame619.jpg
1,0,243,156,257,360,63,frame619.jpg
1,0,257,158,270,360,63,frame619.jpg
1,0,269,136,282,360,63,frame619.jpg
1,0,277,63,296,360,63,frame619.jpg
1,0,367,1,394,316,63,frame619.jpg
1,0,326,1,339,302,63,frame619.jpg
1,0,344,1,361,301,63,frame619.jpg
1,0,130,206,140,360,64,frame701.jpg
1,0,143,278,151,360,64,frame701.jpg
1,0,165,304,174,360,64,frame701.jpg
1,0,180,273,194,360,64,frame701.jpg
1,0,196,275,209,360,64,frame701.jpg
1,0,232,260,248,360,64,frame701.jpg
1,0,307,323,321,360,64,frame701.jpg
1,0,323,319,335,360,64,frame701.jpg
1,0,358,219,374,360,64,frame701.jpg
1,0,374,166,392,360,64,frame701.jpg
1,0,391,183,410,360,64,frame701.jpg
1,0,408,225,422,360,64,frame701.jpg
1,0,426,239,445,360,64,frame701.jpg
1,0,418,237,433,360,64,frame701.jpg
1,0,42,1,54,276,64,frame701.jpg
1,0,259,79,276,360,65,frame734.jpg
1,0,277,91,290,360,65,frame734.jpg
1,0,286,242,306,360,65,frame734.jpg
1,0,152,1,163,136,65,frame734.jpg
1,0,224,130,235,360,65,frame734.jpg
1,0,238,143,250,360,65,frame734.jpg
1,0,211,91,223,360,65,frame734.jpg
1,0,183,1,196,224,65,frame734.jpg
1,0,169,1,184,194,65,frame734.jpg
