Image file name,Image Number,Bounding box (X_min),Bounding box (Y_min),Bounding box (X_max),Bounding box (Y_max),Bounding Box Size (pixel area),Centroid (x),Centroid (y)
2f2_0.jpg,1,100,148,279,156,1432,189.5,152
2f2_0.jpg,1,133,175,289,178,468,211,176.5
2f2_0.jpg,1,135,183,280,192,1305,207.5,187.5
2f2_0.jpg,1,175,164,322,172,1176,248.5,168
2f2_0.jpg,1,178,158,323,164,870,250.5,161
2f2_0.jpg,1,154,198,401,205,1729,277.5,201.5
2f2_0.jpg,1,180,194,389,201,1463,284.5,197.5
2f2_0.jpg,1,262,205,434,215,1720,348,210
2f2_300.jpg,2,205,97,221,221,1984,213,159
2f2_300.jpg,2,242,7,249,228,1547,245.5,117.5
2f2_300.jpg,2,250,71,257,236,1155,253.5,153.5
2f2_300.jpg,2,260,105,264,307,808,262,206
3f3_0.jpg,3,42,103,255,118,3195,148.5,110.5
3f3_0.jpg,3,125,118,339,125,1498,232,121.5
3f3_0.jpg,3,200,123,410,131,1680,305,127
3f3_0.jpg,3,227,134,461,143,2106,344,138.5
3f3_0.jpg,3,251,137,555,150,3952,403,143.5
3f3_0.jpg,3,338,155,549,166,2321,443.5,160.5
3f3_0.jpg,3,345,143,590,159,3920,467.5,151
3f3_107.jpg,4,200,105,410,116,2310,305,110.5
3f3_107.jpg,4,41,111,251,122,2310,146,116.5
3f3_107.jpg,4,21,130,230,137,1463,125.5,133.5
3f3_107.jpg,4,64,135,274,143,1680,169,139
3f3_107.jpg,4,231,139,449,149,2180,340,144
3f3_107.jpg,4,375,144,582,156,2484,478.5,150
3f3_15.jpg,5,49,112,251,121,1818,150,116.5
3f3_15.jpg,5,92,120,296,126,1224,194,123
3f3_15.jpg,5,154,125,360,132,1442,257,128.5
3f3_15.jpg,5,176,131,412,141,2360,294,136
3f3_15.jpg,5,210,140,414,144,816,312,142
3f3_15.jpg,5,317,143,533,150,1512,425,146.5
3f3_15.jpg,5,373,148,584,153,1055,478.5,150.5
3f3_15.jpg,5,367,152,573,160,1648,470,156
3f3_29.jpg,6,55,105,265,116,2310,160,110.5
3f3_29.jpg,6,64,115,273,123,1672,168.5,119
3f3_29.jpg,6,111,121,321,128,1470,216,124.5
3f3_29.jpg,6,131,127,343,136,1908,237,131.5
3f3_29.jpg,6,170,135,383,142,1491,276.5,138.5
3f3_29.jpg,6,301,143,519,150,1526,410,146.5
3f3_29.jpg,6,378,149,588,155,1260,483,152
3f3_50.jpg,7,99,111,314,118,1505,206.5,114.5
3f3_50.jpg,7,48,118,263,127,1935,155.5,122.5
3f3_50.jpg,7,56,127,287,138,2541,171.5,132.5
3f3_50.jpg,7,122,140,330,143,624,226,141.5
3f3_50.jpg,7,77,133,298,142,1989,187.5,137.5
3f3_50.jpg,7,274,146,482,154,1664,378,150
3f3_50.jpg,7,285,140,402,144,468,343.5,142
3f3_50.jpg,7,376,151,591,155,860,483.5,153
3f3_65.jpg,8,140,109,351,118,1899,245.5,113.5
3f3_65.jpg,8,54,117,259,126,1845,156.5,121.5
3f3_65.jpg,8,31,124,238,133,1863,134.5,128.5
3f3_65.jpg,8,52,134,269,139,1085,160.5,136.5
3f3_65.jpg,8,95,138,303,144,1248,199,141
3f3_65.jpg,8,253,139,458,148,1845,355.5,143.5
3f3_65.jpg,8,371,148,580,153,1045,475.5,150.5
3f3_85.jpg,9,173,104,390,114,2170,281.5,109
3f3_85.jpg,9,33,111,244,120,1899,138.5,115.5
3f3_85.jpg,9,26,128,235,134,1254,130.5,131
3f3_85.jpg,9,69,133,281,143,2120,175,138
3f3_85.jpg,9,237,142,450,150,1704,343.5,146
3f3_85.jpg,9,376,148,588,156,1696,482,152
3f3_85.jpg,9,470,155,606,164,1224,538,159.5
3f3_ukn.jpg,10,481,91,495,231,1960,488,161
3f3_ukn.jpg,10,466,73,478,210,1644,472,141.5
3f3_ukn.jpg,10,474,102,483,208,954,478.5,155
3f3_ukn.jpg,10,442,77,450,210,1064,446,143.5
3f3_ukn.jpg,10,449,143,460,275,1452,454.5,209
3f3_ukn.jpg,10,455,134,469,269,1890,462,201.5
3f3_ukn.jpg,10,459,95,474,220,1875,466.5,157.5
2f2_0.jpg,11,100,148,279,156,1432,189.5,152
2f2_0.jpg,11,133,175,289,178,468,211,176.5
2f2_0.jpg,11,135,183,280,192,1305,207.5,187.5
2f2_0.jpg,11,175,164,322,172,1176,248.5,168
2f2_0.jpg,11,178,158,323,164,870,250.5,161
2f2_0.jpg,11,154,198,401,205,1729,277.5,201.5
2f2_0.jpg,11,180,194,389,201,1463,284.5,197.5
2f2_0.jpg,11,262,205,434,215,1720,348,210
2f2_300.jpg,12,205,97,221,221,1984,213,159
2f2_300.jpg,12,242,7,249,228,1547,245.5,117.5
2f2_300.jpg,12,250,71,257,236,1155,253.5,153.5
2f2_300.jpg,12,260,105,264,307,808,262,206
3f3_0.jpg,13,42,103,255,118,3195,148.5,110.5
3f3_0.jpg,13,125,118,339,125,1498,232,121.5
3f3_0.jpg,13,200,123,410,131,1680,305,127
3f3_0.jpg,13,227,134,461,143,2106,344,138.5
3f3_0.jpg,13,251,137,555,150,3952,403,143.5
3f3_0.jpg,13,338,155,549,166,2321,443.5,160.5
3f3_0.jpg,13,345,143,590,159,3920,467.5,151
3f3_107.jpg,14,200,105,410,116,2310,305,110.5
3f3_107.jpg,14,41,111,251,122,2310,146,116.5
3f3_107.jpg,14,21,130,230,137,1463,125.5,133.5
3f3_107.jpg,14,64,135,274,143,1680,169,139
3f3_107.jpg,14,231,139,449,149,2180,340,144
3f3_107.jpg,14,375,144,582,156,2484,478.5,150
3f3_15.jpg,15,49,112,251,121,1818,150,116.5
3f3_15.jpg,15,92,120,296,126,1224,194,123
3f3_15.jpg,15,154,125,360,132,1442,257,128.5
3f3_15.jpg,15,176,131,412,141,2360,294,136
3f3_15.jpg,15,210,140,414,144,816,312,142
3f3_15.jpg,15,317,143,533,150,1512,425,146.5
3f3_15.jpg,15,373,148,584,153,1055,478.5,150.5
3f3_15.jpg,15,367,152,573,160,1648,470,156
3f3_29.jpg,16,55,105,265,116,2310,160,110.5
3f3_29.jpg,16,64,115,273,123,1672,168.5,119
3f3_29.jpg,16,111,121,321,128,1470,216,124.5
3f3_29.jpg,16,131,127,343,136,1908,237,131.5
3f3_29.jpg,16,170,135,383,142,1491,276.5,138.5
3f3_29.jpg,16,301,143,519,150,1526,410,146.5
3f3_29.jpg,16,378,149,588,155,1260,483,152
3f3_50.jpg,17,99,111,314,118,1505,206.5,114.5
3f3_50.jpg,17,48,118,263,127,1935,155.5,122.5
3f3_50.jpg,17,56,127,287,138,2541,171.5,132.5
3f3_50.jpg,17,122,140,330,143,624,226,141.5
3f3_50.jpg,17,77,133,298,142,1989,187.5,137.5
3f3_50.jpg,17,274,146,482,154,1664,378,150
3f3_50.jpg,17,285,140,402,144,468,343.5,142
3f3_50.jpg,17,376,151,591,155,860,483.5,153
3f3_65.jpg,18,140,109,351,118,1899,245.5,113.5
3f3_65.jpg,18,54,117,259,126,1845,156.5,121.5
3f3_65.jpg,18,31,124,238,133,1863,134.5,128.5
3f3_65.jpg,18,52,134,269,139,1085,160.5,136.5
3f3_65.jpg,18,95,138,303,144,1248,199,141
3f3_65.jpg,18,253,139,458,148,1845,355.5,143.5
3f3_65.jpg,18,371,148,580,153,1045,475.5,150.5
3f3_85.jpg,19,173,104,390,114,2170,281.5,109
3f3_85.jpg,19,33,111,244,120,1899,138.5,115.5
3f3_85.jpg,19,26,128,235,134,1254,130.5,131
3f3_85.jpg,19,69,133,281,143,2120,175,138
3f3_85.jpg,19,237,142,450,150,1704,343.5,146
3f3_85.jpg,19,376,148,588,156,1696,482,152
3f3_85.jpg,19,470,155,606,164,1224,538,159.5
3f3_ukn.jpg,20,481,91,495,231,1960,488,161
3f3_ukn.jpg,20,466,73,478,210,1644,472,141.5
3f3_ukn.jpg,20,474,102,483,208,954,478.5,155
3f3_ukn.jpg,20,442,77,450,210,1064,446,143.5
3f3_ukn.jpg,20,449,143,460,275,1452,454.5,209
3f3_ukn.jpg,20,455,134,469,269,1890,462,201.5
3f3_ukn.jpg,20,459,95,474,220,1875,466.5,157.5
f3f_444.jpg,21,458,32,470,216,2208,464,124
f3f_444.jpg,21,465,6,477,193,2244,471,99.5
f3f_444.jpg,21,476,13,490,196,2562,483,104.5
f3f_444.jpg,21,505,70,515,253,1830,510,161.5
f3f_444.jpg,21,515,180,528,359,2327,521.5,269.5
f3f_444.jpg,21,527,255,539,358,1236,533,306.5
frame_1144.jpg,22,382,25,390,94,552,386,59.5
frame_1144.jpg,22,309,59,317,88,232,313,73.5
frame_1144.jpg,22,314,55,322,141,688,318,98
frame_1144.jpg,22,380,66,388,161,760,384,113.5
frame_1144.jpg,22,377,125,387,222,970,382,173.5
frame_1144.jpg,22,319,73,326,172,693,322.5,122.5
frame_1144.jpg,22,323,126,330,224,686,326.5,175
frame_1144.jpg,22,329,193,336,289,672,332.5,241
frame_1144.jpg,22,374,179,385,274,1045,379.5,226.5
frame_1144.jpg,22,334,234,340,331,582,337,282.5
frame_1144.jpg,22,343,241,350,356,805,346.5,298.5
frame_1144.jpg,22,350,254,357,353,693,353.5,303.5
frame_1144.jpg,22,359,276,366,376,700,362.5,326
frame_1144.jpg,22,367,285,374,395,770,370.5,340
frame_1144.jpg,22,370,260,379,359,891,374.5,309.5
frame1244.gif,23,282,76,289,168,644,285.5,122
frame1244.gif,23,286,127,293,223,672,289.5,175
frame1244.gif,23,348,32,356,129,776,352,80.5
frame1244.gif,23,343,82,352,176,846,347.5,129
frame1244.gif,23,339,133,346,230,679,342.5,181.5
frame1244.gif,23,331,183,338,282,693,334.5,232.5
frame1244.gif,23,327,222,336,320,882,331.5,271
frame1244.gif,23,289,196,297,290,752,293,243
frame1244.gif,23,295,252,301,352,600,298,302
frame1244.gif,23,298,270,305,369,693,301.5,319.5
frame1244.gif,23,303,302,311,400,784,307,351
frame1244.gif,23,309,345,318,442,873,313.5,393.5
frame1244.gif,23,321,314,332,407,1023,326.5,360.5
frame1244.gif,23,317,365,328,463,1078,322.5,414
frame1255.gif,24,278,79,285,172,651,281.5,125.5
frame1255.gif,24,344,34,352,90,448,348,62
frame1255.gif,24,340,46,348,139,744,344,92.5
frame1255.gif,24,336,98,345,194,864,340.5,146
frame1255.gif,24,330,127,341,225,1078,335.5,176
frame1255.gif,24,326,154,338,255,1212,332,204.5
frame1255.gif,24,280,128,289,228,900,284.5,178
frame1255.gif,24,286,198,293,295,679,289.5,246.5
frame1255.gif,24,323,198,332,299,909,327.5,248.5
frame1255.gif,24,290,256,301,353,1067,295.5,304.5
frame1255.gif,24,319,252,329,351,990,324,301.5
frame1255.gif,24,301,301,308,398,679,304.5,349.5
frame1255.gif,24,305,337,315,434,970,310,385.5
frame1255.gif,24,314,352,327,448,1248,320.5,400
frame1256.gif,25,276,79,285,171,828,280.5,125
frame1256.gif,25,343,33,353,86,530,348,59.5
frame1256.gif,25,338,44,347,136,828,342.5,90
frame1256.gif,25,336,96,343,194,686,339.5,145
frame1256.gif,25,331,125,340,220,855,335.5,172.5
frame1256.gif,25,327,150,336,250,900,331.5,200
frame1256.gif,25,281,128,288,226,686,284.5,177
frame1256.gif,25,286,197,293,296,693,289.5,246.5
frame1256.gif,25,323,196,332,294,882,327.5,245
frame1256.gif,25,320,250,330,345,950,325,297.5
frame1256.gif,25,291,255,299,353,784,295,304
frame1256.gif,25,298,299,305,371,504,301.5,335
frame1256.gif,25,306,338,313,434,672,309.5,386
frame1256.gif,25,316,297,328,394,1164,322,345.5
frame1256.gif,25,311,347,324,446,1287,317.5,396.5
frame1282.gif,26,265,85,271,152,402,268,118.5
frame1282.gif,26,269,131,277,226,760,273,178.5
frame1282.gif,26,273,184,281,282,784,277,233
frame1282.gif,26,332,37,341,105,612,336.5,71
frame1282.gif,26,328,69,335,166,679,331.5,117.5
frame1282.gif,26,324,99,331,194,665,327.5,146.5
frame1282.gif,26,319,133,328,233,900,323.5,183
frame1282.gif,26,315,191,323,290,792,319,240.5
frame1282.gif,26,311,252,322,347,1045,316.5,299.5
frame1282.gif,26,278,253,286,351,784,282,302
frame1282.gif,26,284,309,292,403,752,288,356
frame1282.gif,26,308,305,319,401,1056,313.5,353
frame1282.gif,26,292,338,304,434,1152,298,386
frame1282.gif,26,302,362,316,460,1372,309,411
frame1296.gif,27,260,92,267,128,252,263.5,110
frame1296.gif,27,263,103,271,198,760,267,150.5
frame1296.gif,27,329,36,338,104,612,333.5,70
frame1296.gif,27,323,68,331,164,768,327,116
frame1296.gif,27,320,99,330,199,1000,325,149
frame1296.gif,27,316,136,324,239,824,320,187.5
frame1296.gif,27,311,201,319,298,776,315,249.5
frame1296.gif,27,265,175,272,274,693,268.5,224.5
frame1296.gif,27,268,229,276,327,784,272,278
frame1296.gif,27,306,264,318,359,1140,312,311.5
frame1296.gif,27,304,320,316,415,1140,310,367.5
frame1296.gif,27,274,298,283,393,855,278.5,345.5
frame1296.gif,27,280,348,285,446,490,282.5,397
frame1296.gif,27,285,358,291,452,564,288,405
frame1296.gif,27,290,370,297,469,693,293.5,419.5
frame1296.gif,27,296,385,310,478,1302,303,431.5
frame1324.gif,28,253,95,262,189,846,257.5,142
frame1324.gif,28,322,36,335,75,507,328.5,55.5
frame1324.gif,28,318,75,327,170,855,322.5,122.5
frame1324.gif,28,313,118,321,217,792,317,167.5
frame1324.gif,28,308,188,315,287,693,311.5,237.5
frame1324.gif,28,257,167,264,263,672,260.5,215
frame1324.gif,28,257,238,266,338,900,261.5,288
frame1324.gif,28,302,252,311,349,873,306.5,300.5
frame1324.gif,28,264,286,272,387,808,268,336.5
frame1324.gif,28,268,354,279,446,1012,273.5,400
frame1324.gif,28,300,317,309,411,846,304.5,364
frame1324.gif,28,297,383,306,475,828,301.5,429
frame1324.gif,28,292,392,300,496,832,296,444
frame1324.gif,28,282,399,291,494,855,286.5,446.5
frame1324.gif,28,272,392,285,492,1300,278.5,442
frame1336.gif,29,251,97,259,147,400,255,122
frame1336.gif,29,323,38,331,125,696,327,81.5
frame1336.gif,29,319,66,324,161,475,321.5,113.5
frame1336.gif,29,312,112,320,211,792,316,161.5
frame1336.gif,29,252,127,261,221,846,256.5,174
frame1336.gif,29,308,182,316,282,800,312,232
frame1336.gif,29,303,250,312,346,864,307.5,298
frame1336.gif,29,255,197,262,293,672,258.5,245
frame1336.gif,29,257,271,267,368,970,262,319.5
frame1336.gif,29,299,315,309,411,960,304,363
frame1336.gif,29,261,315,272,412,1067,266.5,363.5
frame1336.gif,29,294,380,303,479,891,298.5,429.5
frame1336.gif,29,287,410,296,501,819,291.5,455.5
frame1336.gif,29,279,413,289,512,990,284,462.5
frame1336.gif,29,266,377,280,472,1330,273,424.5
frame_1354.jpg,30,293,10,316,213,4669,304.5,111.5
frame_1354.jpg,30,291,161,318,401,6480,304.5,281
frame_1354.jpg,30,297,340,319,555,4730,308,447.5
frame1379.gif,31,247,58,262,101,645,254.5,79.5
frame1379.gif,31,257,44,273,199,2480,265,121.5
frame1379.gif,31,264,124,278,368,3416,271,246
frame1379.gif,31,265,271,281,510,3824,273,390.5
frame1379.gif,31,267,430,290,594,3772,278.5,512
frame_1384.jpg,32,231,55,248,122,1139,239.5,88.5
frame_1384.jpg,32,244,37,256,216,2148,250,126.5
frame_1384.jpg,32,255,137,270,383,3690,262.5,260
frame_1384.jpg,32,265,278,280,522,3660,272.5,400
frame_1384.jpg,32,147,166,169,452,6292,158,309
frame_1384.jpg,32,278,437,293,594,2355,285.5,515.5
frame_1406.jpg,33,251,21,262,123,1122,256.5,72
frame_1406.jpg,33,260,9,271,184,1925,265.5,96.5
frame_1406.jpg,33,265,85,279,324,3346,272,204.5
frame_1406.jpg,33,276,205,293,448,4131,284.5,326.5
frame_1406.jpg,33,287,349,300,592,3159,293.5,470.5
frame_1406.jpg,33,298,427,312,587,2240,305,507
frame_1406.jpg,33,311,448,323,567,1428,317,507.5
frame_1406.jpg,33,358,416,368,512,960,363,464
frame_1406.jpg,33,363,291,385,484,4246,374,387.5
frame_1406.jpg,33,375,149,390,353,3060,382.5,251
frame1421.gif,34,240,54,248,141,696,244,97.5
frame1421.gif,34,248,47,260,197,1800,254,122
frame1421.gif,34,255,76,274,319,4617,264.5,197.5
frame1421.gif,34,261,187,277,431,3904,269,309
frame1421.gif,34,270,319,283,558,3107,276.5,438.5
frame1421.gif,34,282,385,294,591,2472,288,488
frame1421.gif,34,294,397,306,592,2340,300,494.5
frame1421.gif,34,316,457,324,563,848,320,510
frame1421.gif,34,307,491,314,573,574,310.5,532
frame1421.gif,34,325,455,336,545,990,330.5,500
frame1421.gif,34,334,425,347,528,1339,340.5,476.5
frame1421.gif,34,343,293,357,516,3122,350,404.5
frame1421.gif,34,358,150,369,369,2409,363.5,259.5
frame1421.gif,34,364,64,379,219,2325,371.5,141.5
frame_1428.jpg,35,201,297,219,535,4284,210,416
frame_1428.jpg,35,206,144,228,368,4928,217,256
frame_1428.jpg,35,211,72,228,240,2856,219.5,156
frame_1428.jpg,35,228,51,238,197,1460,233,124
frame_1428.jpg,35,237,35,248,192,1727,242.5,113.5
frame_1428.jpg,35,246,16,257,150,1474,251.5,83
frame_1428.jpg,35,256,4,272,238,3744,264,121
frame_1428.jpg,35,272,63,294,306,5346,283,184.5
frame_1428.jpg,35,290,191,312,427,5192,301,309
frame_1428.jpg,35,302,297,319,526,3893,310.5,411.5
frame_1428.jpg,35,316,403,326,565,1620,321,484
frame_1428.jpg,35,333,449,345,541,1104,339,495
frame_1467.jpg,36,268,77,286,324,4446,277,200.5
frame_1467.jpg,36,260,156,278,390,4212,269,273
frame_1467.jpg,36,255,199,276,440,5061,265.5,319.5
frame_1467.jpg,36,287,124,304,371,4199,295.5,247.5
frame_1467.jpg,36,302,149,319,400,4267,310.5,274.5
frame_1467.jpg,36,316,223,331,475,3780,323.5,349
frame_1467.jpg,36,328,286,339,531,2695,333.5,408.5
frame_1467.jpg,36,342,355,352,538,1830,347,446.5
frame_1467.jpg,36,352,366,363,517,1661,357.5,441.5
frame_1467.jpg,36,363,396,374,501,1155,368.5,448.5
frame_1467.jpg,36,242,295,260,556,4698,251,425.5
frame_1559.jpg,37,261,70,278,316,4182,269.5,193
frame_1559.jpg,37,248,107,265,361,4318,256.5,234
frame_1559.jpg,37,275,78,294,365,5453,284.5,221.5
frame_1559.jpg,37,285,132,297,373,2892,291,252.5
frame_1559.jpg,37,239,177,255,414,3792,247,295.5
frame_1559.jpg,37,226,232,241,476,3660,233.5,354
frame_1559.jpg,37,291,287,306,532,3675,298.5,409.5
frame_1559.jpg,37,302,408,317,572,2460,309.5,490
frame_1559.jpg,37,214,296,229,535,3585,221.5,415.5
frame_1559.jpg,37,181,376,189,524,1184,185,450
frame_1559.jpg,37,192,331,200,524,1544,196,427.5
frame_1559.jpg,37,201,330,213,538,2496,207,434
frame1586.gif,38,236,20,257,184,3444,246.5,102
frame1586.gif,38,242,112,265,263,3473,253.5,187.5
frame1586.gif,38,354,68,370,171,1648,362,119.5
frame1586.gif,38,332,55,346,227,2408,339,141
frame1586.gif,38,318,93,334,323,3680,326,208
frame1586.gif,38,251,133,264,371,3094,257.5,252
frame1586.gif,38,305,172,317,410,2856,311,291
frame1586.gif,38,294,260,305,500,2640,299.5,380
frame1586.gif,38,283,314,294,560,2706,288.5,437
frame1586.gif,38,259,270,273,514,3416,266,392
frame1586.gif,38,270,311,285,557,3690,277.5,434
frame_1589.jpg,39,249,33,266,282,4233,257.5,157.5
frame_1589.jpg,39,263,37,274,282,2695,268.5,159.5
frame_1589.jpg,39,273,78,294,323,5145,283.5,200.5
frame_1589.jpg,39,242,100,263,343,5103,252.5,221.5
frame_1589.jpg,39,235,191,257,431,5280,246,311
frame_1589.jpg,39,292,221,307,463,3630,299.5,342
frame_1589.jpg,39,307,323,317,566,2430,312,444.5
frame_1589.jpg,39,319,392,334,576,2760,326.5,484
frame_1589.jpg,39,227,279,244,525,4182,235.5,402
frame_1589.jpg,39,216,384,228,542,1896,222,463
frame_1589.jpg,39,198,438,213,529,1365,205.5,483.5
frame_1611.jpg,40,256,33,275,278,4655,265.5,155.5
frame_1611.jpg,40,271,36,287,278,3872,279,157
frame_1611.jpg,40,280,64,299,306,4598,289.5,185
frame_1611.jpg,40,248,106,270,334,5016,259,220
frame_1611.jpg,40,238,223,257,464,4579,247.5,343.5
frame_1611.jpg,40,294,190,309,439,3735,301.5,314.5
frame_1611.jpg,40,304,272,317,521,3237,310.5,396.5
frame_1611.jpg,40,315,339,328,562,2899,321.5,450.5
frame_1611.jpg,40,227,327,246,567,4560,236.5,447
frame_1611.jpg,40,216,457,227,544,957,221.5,500.5
frame1627.gif,41,214,34,225,132,1078,219.5,83
frame1627.gif,41,309,46,323,237,2674,316,141.5
frame1627.gif,41,225,54,237,297,2916,231,175.5
frame1627.gif,41,234,112,246,355,2916,240,233.5
frame1627.gif,41,297,116,313,355,3824,305,235.5
frame1627.gif,41,246,176,256,423,2470,251,299.5
frame1627.gif,41,285,241,305,482,4820,295,361.5
frame1627.gif,41,255,295,272,542,4199,263.5,418.5
frame1627.gif,41,277,319,293,565,3936,285,442
frame1627.gif,41,268,315,280,563,2976,274,439
frame1627.gif,41,321,50,336,104,810,328.5,77
frame_1645.jpg,42,260,31,274,279,3472,267,155
frame_1645.jpg,42,271,35,285,279,3416,278,157
frame_1645.jpg,42,283,48,295,289,2892,289,168.5
frame_1645.jpg,42,247,118,269,359,5302,258,238.5
frame_1645.jpg,42,296,152,306,396,2440,301,274
frame_1645.jpg,42,237,255,255,500,4410,246,377.5
frame_1645.jpg,42,228,387,245,554,2839,236.5,470.5
frame_1645.jpg,42,304,204,314,444,2400,309,324
frame_1645.jpg,42,314,252,328,492,3360,321,372
frame_1645.jpg,42,320,412,338,576,2952,329,494
frame1662.gif,43,312,47,324,191,1728,318,119
frame1662.gif,43,300,85,315,328,3645,307.5,206.5
frame1662.gif,43,216,26,231,234,3120,223.5,130
frame1662.gif,43,289,232,304,473,3615,296.5,352.5
frame1662.gif,43,226,145,237,385,2640,231.5,265
frame1662.gif,43,236,181,244,427,1968,240,304
frame1662.gif,43,248,215,261,463,3224,254.5,339
frame1662.gif,43,257,311,271,556,3430,264,433.5
frame1662.gif,43,268,313,282,561,3472,275,437
frame1662.gif,43,279,313,293,561,3472,286,437
frame1663.gif,44,311,46,325,189,2002,318,117.5
frame1663.gif,44,301,84,313,325,2892,307,204.5
frame1663.gif,44,288,229,302,471,3388,295,350
frame1663.gif,44,278,311,291,556,3185,284.5,433.5
frame1663.gif,44,270,312,280,557,2450,275,434.5
frame1663.gif,44,258,308,269,553,2695,263.5,430.5
frame1663.gif,44,246,215,257,461,2706,251.5,338
frame1663.gif,44,237,186,249,427,2892,243,306.5
frame1663.gif,44,226,145,240,391,3444,233,268
frame1663.gif,44,215,28,232,238,3570,223.5,133
frame183.jpg,45,125,77,359,90,3042,242,83.5
frame183.jpg,45,131,90,364,102,2796,247.5,96
frame183.jpg,45,135,102,368,113,2563,251.5,107.5
frame183.jpg,45,139,112,371,127,3480,255,119.5
frame183.jpg,45,112,140,338,153,2938,225,146.5
frame183.jpg,45,135,127,361,140,2938,248,133.5
frame183.jpg,45,138,153,367,163,2290,252.5,158
frame183.jpg,45,202,162,428,175,2938,315,168.5
frame183.jpg,45,237,248,449,260,2544,343,254
frame183.jpg,45,237,261,449,273,2544,343,267
frame183.jpg,45,236,285,448,295,2120,342,290
frame183.jpg,45,237,297,449,309,2544,343,303
frame183.jpg,45,254,318,449,327,1755,351.5,322.5
frame183.jpg,45,109,68,343,78,2340,226,73
frame183.jpg,45,108,52,341,63,2563,224.5,57.5
frame183.jpg,45,101,31,329,46,3420,215,38.5
frame1831.gif,46,170,413,181,517,1144,175.5,465
frame1831.gif,46,180,361,193,523,2106,186.5,442
frame1831.gif,46,193,361,206,536,2275,199.5,448.5
frame1831.gif,46,204,369,221,542,2941,212.5,455.5
frame1831.gif,46,217,331,229,550,2628,223,440.5
frame1831.gif,46,228,328,244,556,3648,236,442
frame1831.gif,46,241,298,253,541,2916,247,419.5
frame1831.gif,46,253,299,267,544,3430,260,421.5
frame1831.gif,46,264,271,278,515,3416,271,393
frame1831.gif,46,277,180,289,424,2928,283,302
frame1831.gif,46,287,118,299,361,2916,293,239.5
frame1831.gif,46,301,79,310,324,2205,305.5,201.5
frame1831.gif,46,311,80,324,322,3146,317.5,201
frame1831.gif,46,325,44,333,289,1960,329,166.5
frame1831.gif,46,336,50,347,188,1518,341.5,119
frame1831.gif,46,348,58,361,99,533,354.5,78.5
frame1831.gif,46,440,122,455,241,1785,447.5,181.5
frame1831.gif,46,450,129,462,329,2400,456,229
frame1831.gif,46,458,242,469,357,1265,463.5,299.5
frame1831.gif,46,468,271,481,334,819,474.5,302.5
frame1842.gif,47,430,113,443,165,676,436.5,139
frame1842.gif,47,442,123,451,312,1701,446.5,217.5
frame1842.gif,47,448,172,462,370,2772,455,271
frame1842.gif,47,349,59,360,113,594,354.5,86
frame1842.gif,47,336,51,346,193,1420,341,122
frame1842.gif,47,325,45,334,290,2205,329.5,167.5
frame1842.gif,47,313,69,327,318,3486,320,193.5
frame1842.gif,47,300,71,315,317,3690,307.5,194
frame1842.gif,47,290,110,302,352,2904,296,231
frame1842.gif,47,277,179,292,427,3720,284.5,303
frame1842.gif,47,263,271,281,517,4428,272,394
frame1842.gif,47,254,301,269,545,3660,261.5,423
frame1842.gif,47,243,310,257,553,3402,250,431.5
frame1842.gif,47,229,359,245,551,3072,237,455
frame1842.gif,47,217,373,231,546,2422,224,459.5
frame1842.gif,47,209,427,221,539,1344,215,483
frame1842.gif,47,195,434,210,530,1440,202.5,482
frame1842.gif,47,183,451,197,524,1022,190,487.5
frame1887.gif,48,327,42,340,146,1352,333.5,94
frame1887.gif,48,313,27,327,251,3136,320,139
frame1887.gif,48,303,49,317,295,3444,310,172
frame1887.gif,48,291,72,304,315,3159,297.5,193.5
frame1887.gif,48,280,173,294,423,3500,287,298
frame1887.gif,48,268,260,278,502,2420,273,381
frame1887.gif,48,260,300,268,542,1936,264,421
frame1887.gif,48,249,298,261,542,2928,255,420
frame1887.gif,48,236,308,250,553,3430,243,430.5
frame1887.gif,48,225,349,235,555,2060,230,452
frame1887.gif,48,213,387,223,546,1590,218,466.5
frame1887.gif,48,201,406,212,538,1452,206.5,472
frame1887.gif,48,189,423,198,525,918,193.5,474
frame1887.gif,48,179,422,186,518,672,182.5,470
frame1887.gif,48,159,386,171,507,1452,165,446.5
frame1887.gif,48,149,350,159,498,1480,154,424
frame1887.gif,48,138,241,148,490,2490,143,365.5
frame1887.gif,48,130,200,143,377,2301,136.5,288.5
frame1887.gif,48,138,242,149,486,2684,143.5,364
frame2004.gif,49,232,464,250,566,1836,241,515
frame2004.gif,49,246,317,261,559,3630,253.5,438
frame2004.gif,49,261,221,272,455,2574,266.5,338
frame2004.gif,49,272,213,283,455,2662,277.5,334
frame2004.gif,49,283,139,295,378,2868,289,258.5
frame2004.gif,49,299,56,305,298,1452,302,177
frame2004.gif,49,312,40,323,282,2662,317.5,161
frame2004.gif,49,321,40,333,320,3360,327,180
frame2004.gif,49,330,80,342,412,3984,336,246
frame2004.gif,49,340,174,351,412,2618,345.5,293
frame2004.gif,49,344,254,357,498,3172,350.5,376
frame2004.gif,49,357,366,371,498,1848,364,432
frame2004.gif,49,369,424,382,486,806,375.5,455
frame2142.gif,50,213,492,227,549,798,220,520.5
frame2142.gif,50,227,341,242,565,3360,234.5,453
frame2142.gif,50,237,276,253,519,3888,245,397.5
frame2142.gif,50,251,210,268,442,3944,259.5,326
frame2142.gif,50,266,158,280,398,3360,273,278
frame2142.gif,50,277,154,291,398,3416,284,276
frame2142.gif,50,291,154,307,424,4320,299,289
frame2142.gif,50,299,176,311,430,3048,305,303
frame2142.gif,50,320,193,334,442,3486,327,317.5
frame2142.gif,50,331,261,342,508,2717,336.5,384.5
frame2142.gif,50,338,392,353,528,2040,345.5,460
frame2184.gif,51,218,445,232,553,1512,225,499
frame2184.gif,51,228,341,247,566,4275,237.5,453.5
frame2184.gif,51,241,305,259,555,4500,250,430
frame2184.gif,51,251,260,267,503,3888,259,381.5
frame2184.gif,51,264,244,279,489,3675,271.5,366.5
frame2184.gif,51,278,241,291,489,3224,284.5,365
frame2184.gif,51,285,258,303,506,4464,294,382
frame2184.gif,51,300,309,313,557,3224,306.5,433
frame2184.gif,51,310,328,325,557,3435,317.5,442.5
frame2184.gif,51,320,341,336,542,3216,328,441.5
frame2184.gif,51,333,403,350,527,2108,341.5,465
frame2197.gif,52,206,509,218,545,432,212,527
frame2197.gif,52,217,426,233,560,2144,225,493
frame2197.gif,52,227,339,243,566,3632,235,452.5
frame2197.gif,52,241,313,255,564,3514,248,438.5
frame2197.gif,52,252,282,268,527,3920,260,404.5
frame2197.gif,52,266,275,277,521,2706,271.5,398
frame2197.gif,52,276,274,288,519,2940,282,396.5
frame2197.gif,52,289,294,301,543,2988,295,418.5
frame2197.gif,52,299,354,312,566,2756,305.5,460
frame2197.gif,52,310,374,324,556,2548,317,465
frame2197.gif,52,320,385,335,539,2310,327.5,462
frame2197.gif,52,332,454,346,527,1022,339,490.5
frame2204.gif,53,207,496,221,546,700,214,521
frame2204.gif,53,217,419,233,553,2144,225,486
frame2204.gif,53,229,342,242,561,2847,235.5,451.5
frame2204.gif,53,242,319,259,569,4250,250.5,444
frame2204.gif,53,253,297,269,540,3888,261,418.5
frame2204.gif,53,267,293,284,542,4233,275.5,417.5
frame2204.gif,53,277,294,294,543,4233,285.5,418.5
frame2204.gif,53,288,313,303,567,3810,295.5,440
frame2204.gif,53,298,377,312,573,2744,305,475
frame2204.gif,53,310,397,325,555,2370,317.5,476
frame2204.gif,53,321,410,338,544,2278,329.5,477
frame2204.gif,53,337,478,350,528,650,343.5,503
frame222.jpg,54,74,27,296,36,1998,185,31.5
frame222.jpg,54,87,36,314,50,3178,200.5,43
frame222.jpg,54,154,51,393,61,2390,273.5,56
frame222.jpg,54,195,62,425,73,2530,310,67.5
frame222.jpg,54,200,108,429,121,2977,314.5,114.5
frame222.jpg,54,193,119,424,131,2772,308.5,125
frame222.jpg,54,191,132,422,142,2310,306.5,137
frame222.jpg,54,191,140,423,154,3248,307,147
frame222.jpg,54,194,156,424,169,2990,309,162.5
frame222.jpg,54,191,169,427,180,2596,309,174.5
frame222.jpg,54,188,180,423,187,1645,305.5,183.5
frame222.jpg,54,213,190,444,200,2310,328.5,195
frame222.jpg,54,209,198,448,211,3107,328.5,204.5
frame222.jpg,54,195,249,424,258,2061,309.5,253.5
frame222.jpg,54,223,261,449,273,2712,336,267
frame222.jpg,54,327,297,449,310,1586,388,303.5
frame2266.gif,55,282,24,296,118,1316,289,71
frame2266.gif,55,294,11,306,153,1704,300,82
frame2266.gif,55,303,5,319,152,2352,311,78.5
frame2266.gif,55,316,11,330,177,2324,323,94
frame2266.gif,55,328,21,340,238,2604,334,129.5
frame2266.gif,55,338,28,351,265,3081,344.5,146.5
frame2266.gif,55,351,39,363,278,2868,357,158.5
frame2266.gif,55,362,48,374,289,2892,368,168.5
frame2266.gif,55,375,59,386,295,2596,380.5,177
frame2266.gif,55,386,68,398,299,2772,392,183.5
frame2284.gif,56,188,258,203,501,3645,195.5,379.5
frame2284.gif,56,199,269,218,508,4541,208.5,388.5
frame2284.gif,56,211,302,224,534,3016,217.5,418
frame2284.gif,56,221,337,235,558,3094,228,447.5
frame2284.gif,56,231,376,246,567,2865,238.5,471.5
frame2284.gif,56,243,412,260,582,2890,251.5,497
frame2284.gif,56,256,486,270,590,1456,263,538
frame2284.gif,56,281,521,293,589,816,287,555
frame_2300.jpg,57,319,8,334,63,825,326.5,35.5
frame_2300.jpg,57,331,21,350,148,2413,340.5,84.5
frame_2300.jpg,57,347,32,362,188,2340,354.5,110
frame_2300.jpg,57,357,40,376,255,4085,366.5,147.5
frame_2300.jpg,57,366,123,386,308,3700,376,215.5
frame_2300.jpg,57,379,120,406,383,7101,392.5,251.5
frame2306.gif,58,348,13,367,133,2280,357.5,73
frame2306.gif,58,359,27,377,178,2718,368,102.5
frame2306.gif,58,368,41,386,254,3834,377,147.5
frame2306.gif,58,376,112,399,319,4761,387.5,215.5
frame2306.gif,58,384,153,406,398,5390,395,275.5
frame2328.gif,59,190,165,204,421,3584,197,293
frame2328.gif,59,200,187,216,465,4448,208,326
frame2349.gif,60,190,173,214,441,6432,202,307
frame2349.gif,60,201,310,223,557,5434,212,433.5
frame403.jpg,61,110,118,281,128,1710,195.5,123
frame403.jpg,61,103,126,272,138,2028,187.5,132
frame403.jpg,61,99,137,271,147,1720,185,142
frame403.jpg,61,99,147,271,154,1204,185,150.5
frame403.jpg,61,101,155,272,165,1710,186.5,160
frame403.jpg,61,99,164,274,176,2100,186.5,170
frame403.jpg,61,100,173,272,183,1720,186,178
frame403.jpg,61,134,183,307,193,1730,220.5,188
frame403.jpg,61,153,189,325,199,1720,239,194
frame403.jpg,61,155,199,325,206,1190,240,202.5
frame403.jpg,61,155,208,321,216,1328,238,212
frame403.jpg,61,158,218,329,227,1539,243.5,222.5
frame403.jpg,61,168,225,338,236,1870,253,230.5
frame403.jpg,61,205,236,375,244,1360,290,240
frame403.jpg,61,243,244,416,254,1730,329.5,249
frame403.jpg,61,255,255,422,265,1670,338.5,260
frame403.jpg,61,264,266,434,274,1360,349,270
frame403.jpg,61,257,272,441,280,1472,349,276
frame403.jpg,61,259,281,444,287,1110,351.5,284
frame403.jpg,61,146,111,318,121,1720,232,116
frame403.jpg,61,147,101,314,108,1169,230.5,104.5
frame403.jpg,61,128,91,303,100,1575,215.5,95.5
frame403.jpg,61,92,82,263,92,1710,177.5,87
frame403.jpg,61,73,72,243,82,1700,158,77
frame403.jpg,61,50,63,291,73,2410,170.5,68
frame403.jpg,61,67,52,355,65,3744,211,58.5
frame403.jpg,61,115,43,295,54,1980,205,48.5
frame403.jpg,61,123,35,293,46,1870,208,40.5
frame403.jpg,61,118,25,292,38,2262,205,31.5
frame403.jpg,61,112,16,281,28,2028,196.5,22
frame403.jpg,61,104,8,282,20,2136,193,14
frame472.jpg,62,41,11,235,20,1746,138,15.5
frame472.jpg,62,49,18,244,30,2340,146.5,24
frame472.jpg,62,57,29,248,41,2292,152.5,35
frame472.jpg,62,48,40,239,51,2101,143.5,45.5
frame472.jpg,62,12,92,201,103,2079,106.5,97.5
frame472.jpg,62,31,102,223,113,2112,127,107.5
frame472.jpg,62,31,113,223,122,1728,127,117.5
frame472.jpg,62,16,195,208,203,1536,112,199
frame472.jpg,62,39,204,233,214,1940,136,209
frame472.jpg,62,41,216,233,230,2688,137,223
frame472.jpg,62,53,232,242,241,1701,147.5,236.5
frame472.jpg,62,75,242,266,252,1910,170.5,247
frame472.jpg,62,121,254,311,260,1140,216,257
frame472.jpg,62,147,264,338,271,1337,242.5,267.5
frame472.jpg,62,159,273,347,280,1316,253,276.5
frame472.jpg,62,159,282,360,290,1608,259.5,286
frame472.jpg,62,162,293,366,304,2244,264,298.5
frame472.jpg,62,160,305,356,313,1568,258,309
frame472.jpg,62,160,315,348,325,1880,254,320
frame472.jpg,62,157,328,350,334,1158,253.5,331
frame619.jpg,63,13,154,31,359,3690,22,256.5
frame619.jpg,63,291,2,320,298,8584,305.5,150
frame619.jpg,63,416,46,435,338,5548,425.5,192
frame619.jpg,63,402,49,415,328,3627,408.5,188.5
frame619.jpg,63,392,37,408,328,4656,400,182.5
frame701.jpg,64,105,6,120,281,4125,112.5,143.5
frame701.jpg,64,122,85,133,275,2090,127.5,180
frame701.jpg,64,58,3,72,300,4158,65,151.5
frame701.jpg,64,72,25,89,309,4828,80.5,167
frame701.jpg,64,92,21,106,290,3766,99,155.5
frame701.jpg,64,250,323,259,359,324,254.5,341
frame701.jpg,64,340,295,357,359,1088,348.5,327
frame734.jpg,65,138,2,159,73,1491,148.5,37.5
frame734.jpg,65,198,18,207,277,2331,202.5,147.5
imageedit_3_4983861066.jpg,66,297,158,308,256,1078,302.5,207
imageedit_3_4983861066.jpg,66,296,237,311,332,1425,303.5,284.5
imageedit_3_4983861066.jpg,66,298,313,316,425,2016,307,369
imageedit_3_4983861066.jpg,66,383,327,396,408,1053,389.5,367.5
imageedit_3_4983861066.jpg,66,379,258,391,354,1152,385,306
imageedit_3_4983861066.jpg,66,373,191,385,286,1140,379,238.5
imageedit_3_4983861066.jpg,66,369,122,378,218,864,373.5,170
imageedit_3_4983861066.jpg,66,363,77,372,159,738,367.5,118
imageedit_5_2883306056.gif,67,282,53,298,142,1424,290,97.5
imageedit_5_2883306056.gif,67,345,32,353,70,304,349,51
imageedit_5_2883306056.gif,67,352,46,360,142,768,356,94
imageedit_5_2883306056.gif,67,356,104,365,201,873,360.5,152.5
imageedit_5_2883306056.gif,67,361,133,368,232,693,364.5,182.5
imageedit_5_2883306056.gif,67,366,192,373,284,644,369.5,238
imageedit_5_2883306056.gif,67,368,225,377,321,864,372.5,273
imageedit_5_2883306056.gif,67,373,261,382,357,864,377.5,309
imageedit_5_2883306056.gif,67,381,324,387,397,438,384,360.5
imageedit_5_2883306056.gif,67,387,356,392,397,205,389.5,376.5
frame_985.jpg,68,344,34,353,119,765,348.5,76.5
frame_985.jpg,68,349,86,358,186,900,353.5,136
frame_985.jpg,68,355,159,362,257,686,358.5,208
frame_985.jpg,68,360,218,366,318,600,363,268
frame_985.jpg,68,364,240,372,339,792,368,289.5
frame_985.jpg,68,370,283,377,380,679,373.5,331.5
frame_985.jpg,68,378,299,384,396,582,381,347.5
frame_985.jpg,68,392,306,397,398,460,394.5,352
frame_985.jpg,68,385,327,391,395,408,388,361
frame_985.jpg,68,398,315,402,390,300,400,352.5
frame_985.jpg,68,402,338,410,390,416,406,364
img1.jpg,69,117,191,317,204,2600,217,197.5
img1.jpg,69,124,233,318,248,2910,221,240.5
img1.jpg,69,120,162,314,171,1746,217,166.5
img1.jpg,69,100,262,300,279,3400,200,270.5
img1.jpg,69,125,141,318,154,2509,221.5,147.5
img1.jpg,69,129,129,322,141,2316,225.5,135
img1.jpg,69,78,75,268,86,2090,173,80.5
img1.jpg,69,109,87,304,101,2730,206.5,94
img1.jpg,69,52,65,244,75,1920,148,70
img1.jpg,69,127,108,323,123,2940,225,115.5
img1.jpg,69,122,212,317,223,2145,219.5,217.5
img1.jpg,69,136,285,332,300,2940,234,292.5
img1.jpg,69,159,307,350,321,2674,254.5,314
img1.jpg,69,121,254,320,265,2189,220.5,259.5
img1.jpg,69,120,182,318,191,1782,219,186.5
img1.jpg,69,52,53,248,63,1960,150,58
img1.jpg,69,55,39,249,47,1552,152,43
img1.jpg,69,55,29,250,37,1560,152.5,33
img1.jpg,69,56,19,244,25,1128,150,22
img1.jpg,69,51,7,239,15,1504,145,11
img1.jpg,69,152,323,351,331,1592,251.5,327
img1.jpg,69,153,333,354,344,2211,253.5,338.5
2f2_0.jpg,1,276,217,480,227,2040,378,222
2f2_300.jpg,2,264,160,272,360,1600,268,260
2f2_300.jpg,2,271,254,276,360,530,273.5,307
2f2_300.jpg,2,277,298,288,360,682,282.5,329
2f2_300.jpg,2,231,1,243,151,1800,237,76
2f2_300.jpg,2,214,1,229,93,1380,221.5,47
3f3_107.jpg,4,1,124,204,129,1015,102.5,126.5
3f3_107.jpg,4,479,152,608,165,1677,543.5,158.5
3f3_29.jpg,6,395,156,608,166,2130,501.5,161
3f3_50.jpg,7,429,154,608,164,1790,518.5,159
3f3_65.jpg,8,445,153,608,162,1467,526.5,157.5
3f3_85.jpg,9,1,119,210,129,2090,105.5,124
3f3_ukn.jpg,10,433,1,444,104,1133,438.5,52.5
2f2_0.jpg,11,276,217,480,227,2040,378,222
2f2_300.jpg,12,264,160,272,360,1600,268,260
2f2_300.jpg,12,271,254,276,360,530,273.5,307
2f2_300.jpg,12,277,298,288,360,682,282.5,329
2f2_300.jpg,12,231,1,243,151,1800,237,76
2f2_300.jpg,12,214,1,229,93,1380,221.5,47
3f3_107.jpg,14,1,124,204,129,1015,102.5,126.5
3f3_107.jpg,14,479,152,608,165,1677,543.5,158.5
3f3_29.jpg,16,395,156,608,166,2130,501.5,161
3f3_50.jpg,17,429,154,608,164,1790,518.5,159
3f3_65.jpg,18,445,153,608,162,1467,526.5,157.5
3f3_85.jpg,19,1,119,210,129,2090,105.5,124
3f3_ukn.jpg,20,433,1,444,104,1133,438.5,52.5
f3f_444.jpg,21,496,1,507,129,1408,501.5,65
frame183.jpg,45,243,175,450,189,2898,346.5,182
frame183.jpg,45,268,189,450,201,2184,359,195
frame183.jpg,45,270,203,450,213,1800,360,208
frame183.jpg,45,271,212,450,225,2327,360.5,218.5
frame183.jpg,45,242,223,450,235,2496,346,229
frame183.jpg,45,240,236,450,248,2520,345,242
frame183.jpg,45,242,272,450,282,2080,346,277
frame183.jpg,45,251,308,450,317,1791,350.5,312.5
frame183.jpg,45,257,332,450,343,2123,353.5,337.5
frame183.jpg,45,257,345,450,356,2123,353.5,350.5
frame222.jpg,54,226,73,450,86,2912,338,79.5
frame222.jpg,54,234,86,450,100,3024,342,93
frame222.jpg,54,234,97,450,108,2376,342,102.5
frame222.jpg,54,217,216,450,226,2330,333.5,221
frame222.jpg,54,217,225,450,236,2563,333.5,230.5
frame222.jpg,54,216,235,450,248,3042,333,241.5
frame222.jpg,54,293,275,450,286,1727,371.5,280.5
frame222.jpg,54,313,285,450,294,1233,381.5,289.5
frame222.jpg,54,339,313,450,324,1221,394.5,318.5
frame222.jpg,54,338,326,450,336,1120,394,331
frame2284.gif,56,269,517,281,599,984,275,558
frame472.jpg,62,43,1,235,8,1344,139,4.5
frame472.jpg,62,1,49,173,65,2752,87,57
frame472.jpg,62,1,65,141,71,840,71,68
frame472.jpg,62,1,72,151,79,1050,76,75.5
frame472.jpg,62,1,81,156,91,1550,78.5,86
frame472.jpg,62,1,123,185,133,1840,93,128
frame472.jpg,62,1,134,175,143,1566,88,138.5
frame472.jpg,62,1,144,177,153,1584,89,148.5
frame472.jpg,62,1,154,172,163,1539,86.5,158.5
frame472.jpg,62,1,164,164,173,1467,82.5,168.5
frame472.jpg,62,1,175,161,184,1440,81,179.5
frame472.jpg,62,1,185,163,194,1458,82,189.5
frame619.jpg,63,32,203,46,360,2198,39,281.5
frame619.jpg,63,46,228,60,360,1848,53,294
frame619.jpg,63,59,183,74,360,2655,66.5,271.5
frame619.jpg,63,73,140,93,360,4400,83,250
frame619.jpg,63,93,141,109,360,3504,101,250.5
frame619.jpg,63,108,161,122,360,2786,115,260.5
frame619.jpg,63,125,169,137,360,2292,131,264.5
frame619.jpg,63,139,160,156,360,3400,147.5,260
frame619.jpg,63,156,210,170,360,2100,163,285
frame619.jpg,63,172,288,189,360,1224,180.5,324
frame619.jpg,63,192,326,200,360,272,196,343
frame619.jpg,63,202,303,212,360,570,207,331.5
frame619.jpg,63,214,223,226,360,1644,220,291.5
frame619.jpg,63,223,161,243,360,3980,233,260.5
frame619.jpg,63,243,156,257,360,2856,250,258
frame619.jpg,63,257,158,270,360,2626,263.5,259
frame619.jpg,63,269,136,282,360,2912,275.5,248
frame619.jpg,63,277,63,296,360,5643,286.5,211.5
frame619.jpg,63,367,1,394,316,8505,380.5,158.5
frame619.jpg,63,326,1,339,302,3913,332.5,151.5
frame619.jpg,63,344,1,361,301,5100,352.5,151
frame701.jpg,64,130,206,140,360,1540,135,283
frame701.jpg,64,143,278,151,360,656,147,319
frame701.jpg,64,165,304,174,360,504,169.5,332
frame701.jpg,64,180,273,194,360,1218,187,316.5
frame701.jpg,64,196,275,209,360,1105,202.5,317.5
frame701.jpg,64,232,260,248,360,1600,240,310
frame701.jpg,64,307,323,321,360,518,314,341.5
frame701.jpg,64,323,319,335,360,492,329,339.5
frame701.jpg,64,358,219,374,360,2256,366,289.5
frame701.jpg,64,374,166,392,360,3492,383,263
frame701.jpg,64,391,183,410,360,3363,400.5,271.5
frame701.jpg,64,408,225,422,360,1890,415,292.5
frame701.jpg,64,426,239,445,360,2299,435.5,299.5
frame701.jpg,64,418,237,433,360,1845,425.5,298.5
frame701.jpg,64,42,1,54,276,3300,48,138.5
frame734.jpg,65,259,79,276,360,4777,267.5,219.5
frame734.jpg,65,277,91,290,360,3497,283.5,225.5
frame734.jpg,65,286,242,306,360,2360,296,301
frame734.jpg,65,152,1,163,136,1485,157.5,68.5
frame734.jpg,65,224,130,235,360,2530,229.5,245
frame734.jpg,65,238,143,250,360,2604,244,251.5
frame734.jpg,65,211,91,223,360,3228,217,225.5
frame734.jpg,65,183,1,196,224,2899,189.5,112.5
frame734.jpg,65,169,1,184,194,2895,176.5,97.5
